Ac Activities - 09 July 2015 - v0.1,,,,,,,
,,,,,,,
Code,Group,Sub group,Section,Object,Title,NBS Code,NRM
Ac_15,15,,,,SURVEY ACTIVITIES,,
Ac_15_05,15,05,,,Aquatic surveying,,
Ac_15_05_11,15,05,11,,Canals surveying,,
Ac_15_05_15,15,05,15,,Coastal surveying,,
Ac_15_05_36,15,05,36,,Hydrology surveying,,
Ac_15_05_46,15,05,46,,Lakes and ponds surveying,,
Ac_15_05_70,15,05,70,,Reservoirs surveying,,
Ac_15_05_72,15,05,72,,Rivers and streams,,
Ac_15_05_73,15,05,73,,River estuary surveying,,
Ac_15_10,15,10,,,Below ground surveying,10-10-95/110 Underground services survey;,11.1.2 Other consultants' fees (default);
Ac_15_10_01,15,10,01,,Acoustic surveying,,
Ac_15_10_14,15,10,14,,Closed-circuit television surveying,,
Ac_15_10_34,15,10,34,,Ground penetrating radar surveying,,
Ac_15_10_70,15,10,70,,Radio frequency location surveying,,
Ac_15_10_90,15,10,90,,Trial holes surveying,,
Ac_15_15,15,15,,,Building services condition surveying,10-20-75/110 Engineering services survey;,11.1.1 Project team and design team consultants' fees (default);
Ac_15_15_08,15,15,08,,Boilers,,
Ac_15_15_11,15,15,11,,Catering equipment surveying,,
Ac_15_15_15,15,15,15,,Cold water and water treatment systems surveying,,
Ac_15_15_16,15,15,16,,Control systems surveying,,
Ac_15_15_28,15,15,28,,Escalator and moving pavement systems surveying,,
Ac_15_15_30,15,15,30,,Fire alarm systems surveying,,
Ac_15_15_34,15,15,34,,Generators system surveying,,
Ac_15_15_47,15,15,47,,Lift installation surveying,,
Ac_15_15_48,15,15,48,,Low voltage general power electrical installations surveying,,
Ac_15_15_71,15,15,71,,Refrigeration systems surveying,,
Ac_15_15_82,15,15,82,,Sprinkler systems survey,,
Ac_15_15_95,15,15,95,,Ventilation and air conditioning systems surveying,,
Ac_15_20,15,20,,,Ecological and environmental surveying,,
Ac_15_20_05,15,20,05,,Arboricultural surveying,10-10-75/105 Arboricultural survey;,11.3.1 Main contractor's design consultants' fees; 11.1.2 Other consultants' fees (default); 9.2.6 Control and protection;
Ac_15_20_08,15,20,08,,Bird and pest survey,35-70-10/105 Bird and pest survey;,11.1.2 Other consultants' fees; 4.1.8 Bird and vermin control (default);
Ac_15_20_25,15,20,25,,Ecological building surveying,,
Ac_15_20_27,15,20,27,,Ecological site surveying,10-10-75/125 Ecological survey;,11.1.2 Other consultants' fees (default); 9.2.6 Control and protection;
Ac_15_20_28,15,20,28,,Environmental impact assessment surveying,,
Ac_15_20_40,15,20,40,,Invasive species surveying,10-10-75/140 Invasive species survey;,11.1.2 Other consultants' fees (default); 9.2.6 Control and protection;
Ac_15_20_41,15,20,41,,Invasive and nuisance animal species survey,35-70-10/107 Invasive and nuisance animal species survey;,11.1.2 Other consultants' fees; 4.1.8 Bird and vermin control (default);
Ac_15_20_58,15,20,58,,Ornithological surveying,,
Ac_15_30,15,30,,,Geometric surveying,,
Ac_15_30_50,15,30,50,,Measured and metric surveying,,
Ac_15_30_90,15,30,90,,Topographic surveying,10-10-75/185 Topographic survey;,11.3.1 Main contractor's design consultants' fees; 11.1.2 Other consultants' fees (default); 9.2.6 Control and protection;
Ac_15_40,15,40,,,Hazardous material surveying,10-20-30/120 Deleterious materials survey;,11.1.2 Other consultants' fees (default);
Ac_15_40_05,15,40,05,,Asbestos surveying,,
Ac_15_40_45,15,40,45,,Lead paint surveying,,
Ac_15_40_70,15,40,70,,Radon and hazardous ground gases surveying,,
Ac_15_45,15,45,,,Historic surveying,,
Ac_15_45_35,15,45,35,,Historic building surveying,,
Ac_15_45_37,15,45,37,,Historic site surveying,10-10-75/110 Assessment survey;,11.1.3 Site investigation fees (default); 9.2.6 Control and protection;
Ac_15_50,15,50,,,Investigation surveying,,
Ac_15_50_10,15,50,10,,Building surveying,10-20-30/110 Building survey;,11.1.2 Other consultants' fees (default); 0.3.1 Temporary support to adjacent structures;
Ac_15_50_15,15,50,15,,Concealed elements surveying,,
Ac_15_50_17,15,50,17,,Concrete cover surveying,,
Ac_15_50_20,15,50,20,,Damp ingress and excess moisture surveying,10-20-30/130 Specialist or elemental survey;,11.1.2 Other consultants' fees (default);
Ac_15_50_25,15,50,25,,Doors,,
Ac_15_50_50,15,50,50,,Masonry surveying,,
Ac_15_50_52,15,50,52,,Metalwork surveying,,
Ac_15_50_73,15,50,73,,Roof surveying,,
Ac_15_50_85,15,50,85,,Structural surveying,10-20-60/180 Structural appraisal;,11.1.1 Project team and design team consultants' fees (default);
Ac_15_50_90,15,50,90,,Timber surveying,10-70-90/105 Timber defects survey;,11.3.1 Main contractor's design consultants' fees; 11.1.2 Other consultants' fees (default);
Ac_15_55,15,55,,,Performance surveying,,
Ac_15_55_02,15,55,02,,Access auditing,10-20-60/105 Access audit;,11.1.2 Other consultants' fees (default);
Ac_15_55_04,15,55,04,,Acoustics and noise transfer surveying,10-20-60/110 Building fabric performance survey;,11.1.2 Other consultants' fees (default);
Ac_15_55_06,15,55,06,,Airtightness surveying,,
Ac_15_55_26,15,55,26,,Energy assessment surveying,10-20-60/125 Energy audits and assessments;,11.1.2 Other consultants' fees (default);
Ac_15_55_28,15,55,28,,Environmental assessment surveying,,
Ac_15_55_30,15,55,30,,Fire protection surveying,,
Ac_15_55_75,15,55,75,,Security auditing,10-20-60/175 Security audit;,11.1.2 Other consultants' fees (default);
Ac_15_60,15,60,,,Rail track surveying,,
Ac_15_70,15,70,,,Road and bridge surveying,,
Ac_15_70_90,15,70,90,,Traffic surveying,,
Ac_15_75,15,75,,,Site investigating,,
Ac_15_75_28,15,75,28,,Geochemical surveying,,
Ac_15_75_30,15,75,30,,Geoenvironmental exploratory investigating,,
Ac_15_75_32,15,75,32,,Geoenvironmental ground investigating,,
Ac_15_75_34,15,75,34,,Geological surveying,,
Ac_15_75_36,15,75,36,,Geotechnical ground investigating,10-10-75/135 Geophysical survey;,11.1.2 Other consultants' fees (default); 0.3.1 Temporary support to adjacent structures; 9.2.6 Control and protection;
Ac_15_75_38,15,75,38,,Geotechnical substructure investigating,,
Ac_15_75_65,15,75,65,,Preliminary site investigations,,
Ac_15_75_80,15,75,80,,Soil surveying,,
Ac_15_80,15,80,,,Site surveys,,
Ac_15_80_28,15,80,28,,Environmental impact assessing,,
Ac_15_80_46,15,80,46,,Landscape character assessing,,
Ac_15_80_48,15,80,48,,Landscape visual assessing,,
Ac_15_80_65,15,80,65,,Preliminary site surveys,10-10-75/160 Preliminary site survey;,11.1.3 Site investigation fees (default); 9.2.6 Control and protection;
Ac_15_80_85,15,80,85,,Strategic environmental assessing,,
Ac_15_90,15,90,,,Tunnel surveying,,
Ac_20,20,,,,ADMINISTRATIVE,,
Ac_20_10,20,10,,,Legislative activities,,
Ac_20_10_47,20,10,47,,Legislating activities,,
Ac_20_10_66,20,10,66,,Public viewing of legislating activities,,
Ac_20_15,20,15,,,Administrative office activities,,
Ac_20_15_15,20,15,15,,Counter service,,
Ac_20_15_22,20,15,22,,Desk-based office tasks,,
Ac_20_15_59,20,15,59,,Office maintenance tasks,,
Ac_20_15_71,20,15,71,,Reception,,
Ac_20_15_72,20,15,72,,Registering,,
Ac_20_30,20,30,,,Religious representative activities,,
Ac_20_30_15,20,30,15,,Conducting acts of worship,,
Ac_20_30_60,20,30,60,,Pastoral care,,
Ac_20_30_67,20,30,67,,Preparing for acts of worship,,
Ac_20_40,20,40,,,Design activities,,
Ac_20_40_04,20,40,04,,Art,,
Ac_20_40_13,20,40,13,,Ceramics,,
Ac_20_40_24,20,40,24,,Drawing,,
Ac_20_40_60,20,40,60,,Painting,,
Ac_20_40_88,20,40,88,,Technical drawing,,
Ac_20_45,20,45,,,Motor vehicle maintenance and fuelling activities,,
Ac_20_45_30,20,45,30,,Fuel station air and water dispensing,,
Ac_20_45_31,20,45,31,,Fuel station fuel storing,,
Ac_20_45_51,20,45,51,,Motor vehicle fuelling,,
Ac_20_45_53,20,45,53,,Motor vehicle maintaining,,
Ac_20_50,20,50,,,Commercial activities,,
Ac_20_50_03,20,50,03,,Ambient products wholesale selling,,
Ac_20_50_05,20,50,05,,Auctioning,,
Ac_20_50_12,20,50,12,,Checking out and payment,,
Ac_20_50_22,20,50,22,,Department store retail selling,,
Ac_20_50_29,20,50,29,,Financial and professional services activity,,
Ac_20_50_32,20,50,32,,Food and drink retail selling,,
Ac_20_50_33,20,50,33,,General retail activity,,
Ac_20_50_36,20,50,36,,Hair and beauty treatments,,
Ac_20_50_45,20,50,45,,Kiosk retail selling,,
Ac_20_50_47,20,50,47,,Livestock wholesale selling,,
Ac_20_50_50,20,50,50,,Mail order sorting and despatching,,
Ac_20_50_51,20,50,51,,Market retail selling,,
Ac_20_50_55,20,50,55,,Motor vehicle selling,,
Ac_20_50_70,20,50,70,,Refrigerated products wholesale selling,,
Ac_20_50_78,20,50,78,,Shoppers moving and circulation,,
Ac_20_50_85,20,50,85,,Supermarket retail selling,,
Ac_20_50_87,20,50,87,,Tattooing and piercing,,
Ac_20_50_90,20,50,90,,Trying out goods,,
Ac_20_50_96,20,50,96,,Waste and scrap wholesale selling,,
Ac_20_55,20,55,,,Postal communications activities,,
Ac_20_55_45,20,55,45,,Letter sorting,,
Ac_20_55_60,20,55,60,,Parcel sorting,,
Ac_20_55_65,20,55,65,,Post sorting,,
Ac_20_60,20,60,,,Military and protective activities,,
Ac_20_60_08,20,60,08,,Bombardment sheltering,,
Ac_20_60_70,20,60,70,,Radioactive fallout sheltering,,
Ac_20_62,20,62,,,Parade activities,,
Ac_20_62_65,20,62,65,,Parading,,
Ac_20_65,20,65,,,Law enforcement activities,,
Ac_20_65_19,20,65,19,,Custody activities,,
Ac_20_65_22,20,65,22,,Detention,,
Ac_20_65_40,20,65,40,,Identifying,,
Ac_20_65_42,20,65,42,,Interviewing,,
Ac_20_65_59,20,65,59,,Operational activities,,
Ac_20_70,20,70,,,Judicial activities,,
Ac_20_70_23,20,70,23,,Defendant seating,,
Ac_20_70_28,20,70,28,,Evidence storing,,
Ac_20_70_41,20,70,41,,Judicial seating,,
Ac_20_70_44,20,70,44,,Jury seating,,
Ac_20_70_68,20,70,68,,Public gallery viewing,,
Ac_20_70_90,20,70,90,,Trials and hearings,,
Ac_20_70_97,20,70,97,,Witness standing,,
Ac_20_75,20,75,,,Detention activities,,
Ac_20_75_15,20,75,15,,Communal inmate day activities,,
Ac_20_75_22,20,75,22,,Detention,,
Ac_20_75_35,20,75,35,,Guarding detainees,,
Ac_20_75_38,20,75,38,,Holding of prisoners,,
Ac_20_75_41,20,75,41,,Inmate exercising,,
Ac_20_75_75,20,75,75,,Secure entering and exiting,,
Ac_20_75_77,20,75,77,,Secure visiting,,
Ac_20_75_95,20,75,95,,Vehicle impounding,,
Ac_20_80,20,80,,,Weapons training activities,,
Ac_20_80_31,20,80,31,,Firing of weapons,,
Ac_20_85,20,85,,,Security activities,,
Ac_20_85_63,20,85,63,,Pedestrian security checking,,
Ac_20_85_95,20,85,95,,Vehicular security checking,,
Ac_20_90,20,90,,,Fire and rescue activities,,
Ac_20_90_30,20,90,30,,Fire refuge,,
Ac_20_90_31,20,90,31,,Fire training,,
Ac_25,25,,,,CULTURAL,,
Ac_25_05,25,05,,,Commemoration activities,,
Ac_25_05_15,25,05,15,,Commemoration events,,
Ac_25_10,25,10,,,Educational activities,,
Ac_25_10_04,25,10,04,,Art teaching,,
Ac_25_10_05,25,10,05,,Assembling,,
Ac_25_10_08,25,10,08,,Biology teaching,,
Ac_25_10_13,25,10,13,,Chemistry teaching,,
Ac_25_10_15,25,10,15,,Communal educational activities,,
Ac_25_10_17,25,10,17,,Craft teaching,,
Ac_25_10_21,25,10,21,,Dance teaching,,
Ac_25_10_22,25,10,22,,Dissection teaching,,
Ac_25_10_24,25,10,24,,Drama teaching,,
Ac_25_10_26,25,10,26,,Driving tuition,,
Ac_25_10_30,25,10,30,,Food technology teaching,,
Ac_25_10_33,25,10,33,,General teaching,,
Ac_25_10_35,25,10,35,,Group work,,
Ac_25_10_40,25,10,40,,ICT teaching,,
Ac_25_10_46,25,10,46,,Language teaching,,
Ac_25_10_47,25,10,47,,Lecturing,,
Ac_25_10_55,25,10,55,,Music teaching,,
Ac_25_10_66,25,10,66,,Physics teaching,,
Ac_25_10_78,25,10,78,,Seminar activities,,
Ac_25_10_84,25,10,84,,Studying,,
Ac_25_30,25,30,,,Scientific and laboratory activities,,
Ac_25_30_02,25,30,02,,Anechoic activities,,
Ac_25_30_04,25,30,04,,Astronomy,,
Ac_25_30_07,25,30,07,,Biology,,
Ac_25_30_10,25,30,10,,Bioscience researching,,
Ac_25_30_13,25,30,13,,Chemistry,,
Ac_25_30_14,25,30,14,,Clean activities,,
Ac_25_30_15,25,30,15,,Clinical biochemistry,,
Ac_25_30_16,25,30,16,,Clinical microbiology,,
Ac_25_30_17,25,30,17,,Clinical pathology,,
Ac_25_30_19,25,30,19,,Containment,,
Ac_25_30_21,25,30,21,,Dark room activities,,
Ac_25_30_22,25,30,22,,Dentistry,,
Ac_25_30_26,25,30,26,,Earth sciences,,
Ac_25_30_27,25,30,27,,Engineering,,
Ac_25_30_28,25,30,28,,Experiment controlling,,
Ac_25_30_29,25,30,29,,Flow cytometry,,
Ac_25_30_30,25,30,30,,Food testing,,
Ac_25_30_31,25,30,31,,Forensics,,
Ac_25_30_33,25,30,33,,Geology,,
Ac_25_30_36,25,30,36,,Hyperbaric activities,,
Ac_25_30_42,25,30,42,,Instrument activities,,
Ac_25_30_46,25,30,46,,Laboratory cold activities,,
Ac_25_30_47,25,30,47,,Laboratory warm activities,,
Ac_25_30_50,25,30,50,,Material testing,,
Ac_25_30_66,25,30,66,,Physics,,
Ac_25_30_68,25,30,68,,Psychology researching,,
Ac_25_30_70,25,30,70,,Radiation shielded activities,,
Ac_25_30_78,25,30,78,,Seismograph activities,,
Ac_25_30_85,25,30,85,,Sterilising,,
Ac_25_30_89,25,30,89,,Tissue culturing,,
Ac_25_30_90,25,30,90,,Toxicology,,
Ac_25_40,25,40,,,Design activities,,
Ac_25_40_13,25,40,13,,Ceramics,,
Ac_25_40_15,25,40,15,,Craft activities,,
Ac_25_40_21,25,40,21,,Designing,,
Ac_25_40_24,25,40,24,,Drawing,,
Ac_25_40_60,25,40,60,,Painting,,
Ac_25_40_88,25,40,88,,Technical drawing,,
Ac_25_50,25,50,,,Exhibition activities,,
Ac_25_50_04,25,50,04,,Art exhibiting,,
Ac_25_50_15,25,50,15,,Collection exhibiting,,
Ac_25_50_16,25,50,16,,Conservation of art and artifacts,,
Ac_25_50_21,25,50,21,,Dioramas,,
Ac_25_50_29,25,50,29,,Fauna exhibiting,,
Ac_25_50_31,25,50,31,,Flora exhibiting,,
Ac_25_50_65,25,50,65,,Projecting representations of the night sky,,
Ac_25_50_73,25,50,73,,Sculpture exhibiting,,
Ac_25_50_87,25,50,87,,Temporary exhibiting,,
Ac_25_50_94,25,50,94,,Viewing,,
Ac_25_70,25,70,,,Information activities,,
Ac_25_70_04,25,70,04,,Archiving,,
Ac_25_70_05,25,70,05,,Audio-visual studying,,
Ac_25_70_11,25,70,11,,Cataloguing,,
Ac_25_70_23,25,70,23,,Domestic book storing and reading,,
Ac_25_70_30,25,70,30,,Film storing,,
Ac_25_70_47,25,70,47,,Library storing,,
Ac_25_70_71,25,70,71,,Reading,,
Ac_25_70_72,25,70,72,,Records storing,,
Ac_25_70_76,25,70,76,,Scanning,,
Ac_25_90,25,90,,,Worship activities,,
Ac_25_90_12,25,90,12,,Ceremonial activities,,
Ac_30,30,,,,INDUSTRIAL AND NATURAL ACTIVITIES,,
Ac_30_10,30,10,,,Mineral extraction activities,,
Ac_30_10_57,30,10,57,,Offshore oil and gas drilling,,
Ac_30_10_59,30,10,59,,Onshore oil and gas drilling,,
Ac_30_10_60,30,10,60,,Opencast mining,,
Ac_30_10_69,30,10,69,,Quarrying,,
Ac_30_10_91,30,10,91,,Underground mining,,
Ac_30_10_93,30,10,93,,Underground mine access,,
Ac_30_10_94,30,10,94,,Underground mine tunnelling,,
Ac_30_30,30,30,,,Mineral processing activities,,
Ac_30_30_33,30,30,33,,Gas processing,,
Ac_30_30_58,30,30,58,,Oil processing,,
Ac_30_30_59,30,30,59,,Ore processing,,
Ac_30_40,30,40,,,Animal and plant products processing activities,,
Ac_30_40_06,30,40,06,,Baking,,
Ac_30_40_07,30,40,07,,Bottling,,
Ac_30_40_09,30,40,09,,Brewing,,
Ac_30_40_10,30,40,10,,Butter-making,,
Ac_30_40_11,30,40,11,,Canning,,
Ac_30_40_18,30,40,18,,Cheese making,,
Ac_30_40_22,30,40,22,,Distilling,,
Ac_30_40_30,30,40,30,,Fish processing,,
Ac_30_40_32,30,40,32,,Fresh fruit and vegetable packing,,
Ac_30_40_44,30,40,44,,Juicing,,
Ac_30_40_52,30,40,52,,Meat processing,,
Ac_30_40_54,30,40,54,,Milk processing,,
Ac_30_40_55,30,40,55,,Milling,,
Ac_30_40_63,30,40,63,,Plant fibre sorting,,
Ac_30_40_65,30,40,65,,Poultry processing,,
Ac_30_40_75,30,40,75,,Sawing,,
Ac_30_40_80,30,40,80,,Slaughtering,,
Ac_30_40_87,30,40,87,,Tanning,,
Ac_30_40_88,30,40,88,,Threshing,,
Ac_30_40_90,30,40,90,,Tobacco drying,,
Ac_30_40_96,30,40,96,,Wine making,,
Ac_30_40_98,30,40,98,,Wool sorting,,
Ac_30_50,30,50,,,Manufacturing activities,,
Ac_30_50_27,30,50,27,,Electronics clean activities,,
Ac_30_50_30,30,50,30,,Heavy industrial activities,,
Ac_30_50_53,30,50,53,,Light industrial activities,,
Ac_30_50_60,30,50,60,,Packaging,,
Ac_30_50_61,30,50,61,,Paint spraying,,
Ac_30_50_62,30,50,62,,Pharmaceuticals clean activities,,
Ac_30_50_64,30,50,64,,Printing,,
Ac_30_60,30,60,,,Cleaning and maintenance activities,,
Ac_30_60_12,30,60,12,,Cleaning,,
Ac_30_60_13,30,60,13,,Clothes drying and airing,,
Ac_30_60_15,30,60,15,,Commercial laundering,,
Ac_30_60_23,30,60,23,,Domestic laundering,,
Ac_30_60_24,30,60,24,,Dry cleaning,,
Ac_30_60_42,30,60,42,,Ironing,,
Ac_30_60_75,30,60,75,,Service laundering,,
Ac_30_60_94,30,60,94,,Vehicle washing,,
Ac_30_60_96,30,60,96,,Washing up,,
Ac_30_90,30,90,,,Warehousing and distribution activities,,
Ac_30_90_33,30,90,33,,Goods delivery,,
Ac_30_90_48,30,90,48,,Loading,,
Ac_30_90_80,30,90,80,,Sorting and distributing,,
Ac_30_90_96,30,90,96,,Warehousing,,
Ac_32,32,,,,AGRICULTURAL AND NATURAL SPACES ACTIVITIES,,
Ac_32_10,32,10,,,Agricultural and horticultural activities,,
Ac_32_10_02,32,10,02,,Agricultural maintenance,,
Ac_32_10_26,32,10,26,,Farm yard activities,,
Ac_32_10_27,32,10,27,,Fertilizing,,
Ac_32_10_29,32,10,29,,Fish cultivating,,
Ac_32_10_34,32,10,34,,Glasshouse growing,,
Ac_32_10_36,32,10,36,,Hedge laying,,
Ac_32_10_38,32,10,38,,Horticultural activities,,
Ac_32_10_39,32,10,39,,Hothouse growing,,
Ac_32_10_42,32,10,42,,Irrigating,,
Ac_32_10_47,32,10,47,,Livestock activities,,
Ac_32_10_52,32,10,52,,Milking,,
Ac_32_10_55,32,10,55,,Mushroom cultivating,,
Ac_32_10_64,32,10,64,,Ploughing,,
Ac_32_10_65,32,10,65,,Propagating,,
Ac_32_10_66,32,10,66,,Poultry rearing,,
Ac_32_10_77,32,10,77,,Shearing,,
Ac_32_10_78,32,10,78,,Sheep dipping,,
Ac_32_10_80,32,10,80,,Sowing,,
Ac_32_10_94,32,10,94,,Viticulture,,
Ac_32_60,32,60,,,Natural spaces activities,,
Ac_32_60_80,32,60,80,,Silviculture,,
Ac_35,35,,,,MEDICAL,,
Ac_35_10,35,10,,,Medical activities,,
Ac_35_10_08,35,10,08,,Birthing,,
Ac_35_10_10,35,10,10,,Burns treating,,
Ac_35_10_15,35,10,15,,Consulting,,
Ac_35_10_23,35,10,23,,Dissection,,
Ac_35_10_31,35,10,31,,First aiding,,
Ac_35_10_36,35,10,36,,Hearing testing,,
Ac_35_10_39,35,10,39,,Hydrotherapy,,
Ac_35_10_42,35,10,42,,Intensive caring,,
Ac_35_10_43,35,10,43,,Isolation caring,,
Ac_35_10_51,35,10,51,,Medical scanning,,
Ac_35_10_53,35,10,53,,Midwifery,,
Ac_35_10_57,35,10,57,,Nursing,,
Ac_35_10_58,35,10,58,,Occupational therapy,,
Ac_35_10_59,35,10,59,,Operating,,
Ac_35_10_64,35,10,64,,Pharmaceutical dispensing,,
Ac_35_10_65,35,10,65,,Phototherapy,,
Ac_35_10_66,35,10,66,,Physiotherapy,,
Ac_35_10_70,35,10,70,,Radiography,,
Ac_35_10_71,35,10,71,,Radiotherapy,,
Ac_35_10_74,35,10,74,,Rehabilitating,,
Ac_35_10_76,35,10,76,,Screening research,,
Ac_35_50,35,50,,,Welfare activities,,
Ac_35_50_21,35,50,21,,Day care,,
Ac_35_50_42,35,50,42,,Infant caring,,
Ac_35_60,35,60,,,Food management activities,,
Ac_35_60_16,35,60,16,,Cooking,,
Ac_35_60_30,35,60,30,,Food preparation,,
Ac_35_60_31,35,60,31,,Food serving,,
Ac_35_70,35,70,,,Funerary activities,,
Ac_35_70_04,35,70,04,,Ash urn storing,,
Ac_35_70_10,35,70,10,,Burial,,
Ac_35_70_18,35,70,18,,Cremating,,
Ac_35_70_42,35,70,42,,Interment in a vault or tomb,,
Ac_35_80,35,80,,,Sanitary activities,,
Ac_35_80_06,35,80,06,,Baby changing,,
Ac_35_80_07,35,80,07,,Bathing,,
Ac_35_80_80,35,80,80,,Showering,,
Ac_35_85,35,85,,,Animal activities,,
Ac_35_85_02,35,85,02,,Animal care,,
Ac_35_85_04,35,85,04,,Animal exercising,,
Ac_35_90,35,90,,,Animal medical,,
Ac_35_90_25,35,90,25,,Animal drug dispensing,,
Ac_35_90_32,35,90,32,,Animal funerary activities,,
Ac_35_90_34,35,90,34,,Animal grooming,,
Ac_35_90_39,35,90,39,,Animal hydrotherapy,,
Ac_35_90_59,35,90,59,,Animal operating,,
Ac_40,40,,,,RECREATIONAL ACTIVITIES,,
Ac_40_05,40,05,,,Amusement activities,,
Ac_40_05_03,40,05,03,,Amusement arcade activities,,
Ac_40_05_33,40,05,33,,Gambling,,
Ac_40_05_42,40,05,42,,Indoor fairground riding,,
Ac_40_05_58,40,05,58,,Observing,,
Ac_40_05_59,40,05,59,,Outdoor activities,,
Ac_40_05_60,40,05,60,,Outdoor fairground riding,,
Ac_40_05_63,40,05,63,,Playing,,
Ac_40_05_89,40,05,89,,Theme park activities,,
Ac_40_20,40,20,,,Dining activities,,
Ac_40_20_09,40,20,09,,Beverage dispensing,,
Ac_40_20_27,40,20,27,,Enclosed dining,,
Ac_40_20_28,40,20,28,,Food dispensing,,
Ac_40_20_59,40,20,59,,Outdoor dining,,
Ac_40_35,40,35,,,Historic recreational activities,,
Ac_40_35_06,40,35,06,,Battle sites exploring,,
Ac_40_35_37,40,35,37,,Historic earthworks exploring,,
Ac_40_35_38,40,35,38,,Historic ruins exploring,,
Ac_40_60,40,60,,,Performing arts performance activities,,
Ac_40_60_13,40,60,13,,Circus performing,,
Ac_40_60_21,40,60,21,,Dancing,,
Ac_40_60_29,40,60,29,,Fashion shows,,
Ac_40_60_30,40,60,30,,Filming,,
Ac_40_60_31,40,60,31,,Film screening,,
Ac_40_60_40,40,60,40,,Indoor theatre activities,,
Ac_40_60_55,40,60,55,,Music recording,,
Ac_40_60_59,40,60,59,,Outdoor theatre activities,,
Ac_40_60_63,40,60,63,,Performing music indoors,,
Ac_40_60_64,40,60,64,,Performing music outdoors,,
Ac_40_60_66,40,60,66,,Projecting,,
Ac_40_65,40,65,,,Performing arts ancillary activities,,
Ac_40_65_03,40,65,03,,Artiste changing and make-up,,
Ac_40_65_06,40,65,06,,Backstage activities,,
Ac_40_65_47,40,65,47,,Lighting controlling,,
Ac_40_65_55,40,65,55,,Music recording controlling,,
Ac_40_65_59,40,65,59,,Overhead scenery storing,,
Ac_40_65_66,40,65,66,,Projecting,,
Ac_40_65_72,40,65,72,,Rehearsing,,
Ac_40_65_76,40,65,76,,Scenery controlling,,
Ac_40_65_79,40,65,79,,Sound controlling,,
Ac_40_65_80,40,65,80,,Sound excluding,,
Ac_42,42,,,,SPORTS ACTIVITIES,,
Ac_42_15,42,15,,,Courts,,
Ac_42_15_30,42,15,30,,Field athletics,,
Ac_42_15_42,42,15,42,,Indoor court sports,,
Ac_42_15_58,42,15,58,,Outdoor court sports,,
Ac_42_15_59,42,15,59,,Outdoor field sports,,
Ac_42_15_90,42,15,90,,Track athletics,,
Ac_42_40,42,40,,,Indoor sports activities,,
Ac_42_40_09,42,40,09,,Bouldering,,
Ac_42_40_14,42,40,14,,Climbing wall activities,,
Ac_42_40_28,42,40,28,,Exercising,,
Ac_42_40_37,42,40,37,,Gymnastics,,
Ac_42_40_79,42,40,79,,Snooker,,
Ac_42_40_90,42,40,90,,Ten pin bowling,,
Ac_42_55,42,55,,,Outdoor sports activities,,
Ac_42_55_01,42,55,01,,Archery,,
Ac_42_55_07,42,55,07,,BMX cycling,,
Ac_42_55_08,42,55,08,,Bowling,,
Ac_42_55_18,42,55,18,,Cross-country cycling,,
Ac_42_55_19,42,55,19,,Cross-country rallying,,
Ac_42_55_20,42,55,20,,Cross-country running,,
Ac_42_55_23,42,55,23,,Dog racing,,
Ac_42_55_26,42,55,26,,Equestrian dressage,,
Ac_42_55_27,42,55,27,,Equestrian cross country eventing,,
Ac_42_55_28,42,55,28,,Equestrian show jumping,,
Ac_42_55_30,42,55,30,,Fishing,,
Ac_42_55_34,42,55,34,,Golfing,,
Ac_42_55_39,42,55,39,,Horse racing,,
Ac_42_55_53,42,55,53,,Motor racing,,
Ac_42_55_58,42,55,58,,Orienteering,,
Ac_42_55_60,42,55,60,,Parkour,,
Ac_42_55_72,42,55,72,,Riding,,
Ac_42_55_74,42,55,74,,Running,,
Ac_42_55_76,42,55,76,,Skateboarding,,
Ac_42_55_82,42,55,82,,Speedway racing,,
Ac_42_55_96,42,55,96,,Walking,,
Ac_42_80,42,80,,,Sports ancillary activities,,
Ac_42_80_15,42,80,15,,Corporate and VIP spectating,,
Ac_42_80_50,42,80,50,,Manager and coach seating,,
Ac_42_80_65,42,80,65,,Press spectating,,
Ac_42_80_72,42,80,72,,Reserves seating,,
Ac_42_85,42,85,,,Swimming activities,,
Ac_42_85_15,42,85,15,,Competition swimming,,
Ac_42_85_22,42,85,22,,Diving,,
Ac_42_85_71,42,85,71,,Recreational swimming,,
Ac_42_85_92,42,85,92,,Underwater observation,,
Ac_42_85_94,42,85,94,,Water flumes,,
Ac_42_85_95,42,85,95,,Water polo,,
Ac_42_85_97,42,85,97,,Wave riding,,
Ac_42_85_98,42,85,98,,Whirlpool/ spa,,
Ac_42_90,42,90,,,Water activities,,
Ac_42_90_11,42,90,11,,Canoe slalom,,
Ac_42_90_12,42,90,12,,Canoe sprint,,
Ac_42_90_50,42,90,50,,Motor boating,,
Ac_42_90_73,42,90,73,,Rowing,,
Ac_42_90_75,42,90,75,,Sailing,,
Ac_42_90_97,42,90,97,,Water skiing,,
Ac_42_90_98,42,90,98,,White water canoeing,,
Ac_42_95,42,95,,,Winter sports activities,,
Ac_42_95_02,42,95,02,,Alpine skiing,,
Ac_42_95_08,42,95,08,,Bobsleighing,,
Ac_42_95_19,42,95,19,,Cross-country skiing,,
Ac_42_95_20,42,95,20,,Curling,,
Ac_42_95_32,42,95,32,,Freestyle skiing,,
Ac_42_95_40,42,95,40,,Ice skating,,
Ac_42_95_41,42,95,41,,Ice hockey,,
Ac_42_95_49,42,95,49,,Luge,,
Ac_42_95_76,42,95,76,,Short track speed skating,,
Ac_42_95_77,42,95,77,,Skeleton,,
Ac_42_95_78,42,95,78,,Skiing,,
Ac_42_95_79,42,95,79,,Ski jumping,,
Ac_42_95_80,42,95,80,,Snowboarding,,
Ac_42_95_83,42,95,83,,Speed skating,,
Ac_45,45,,,,RESIDENTIAL ACTIVITIES,,
Ac_45_10,45,10,,,Residential activities,,
Ac_45_10_11,45,10,11,,Camping,,
Ac_45_10_12,45,10,12,,Caravanning,,
Ac_45_10_14,45,10,14,,Communal socialising,,
Ac_45_10_16,45,10,16,,Concierge services,,
Ac_45_10_22,45,10,22,,Dining,,
Ac_45_10_29,45,10,29,,Food preparing,,
Ac_45_10_33,45,10,33,,Gardening,,
Ac_45_10_79,45,10,79,,Sleeping,,
Ac_45_10_81,45,10,81,,Socialising,,
Ac_45_10_87,45,10,87,,Studying,,
Ac_45_10_93,45,10,93,,Utility activities,,
Ac_50,50,,,,WASTE DISPOSAL ACTIVITIES,,
Ac_50_10,50,10,,,Gas waste collection,,
Ac_50_20,50,20,,,Non-aqueous liquid waste collection,,
Ac_50_30,50,30,,,Drainage collection,,
Ac_50_40,50,40,,,Solid waste collection,,
Ac_50_50,50,50,,,Gas waste storage,,
Ac_50_60,50,60,,,Non-aqueous liquid waste storage,,
Ac_50_70,50,70,,,Drainage storage,,
Ac_50_75,50,75,,,Wastewater storage,,
Ac_50_80,50,80,,,Solid waste storage,,
Ac_55,55,,,,PIPED SUPPLY ACTIVITIES,,
Ac_55_05,55,05,,,Gas extraction,,
Ac_55_10,55,10,,,Liquid fuel extraction,,
Ac_55_15,55,15,,,Water extraction,,
Ac_55_20,55,20,,,Gas supply,,
Ac_55_30,55,30,,,Fire extinguishing supply,,
Ac_55_40_,55,40,,,Steam supply,,
Ac_55_50,55,50,,,Liquid fuel supply,,
Ac_55_60,55,60,,,Process liquid supply,,
Ac_55_70,55,70,,,Water supply,,
Ac_55_90,55,90,,,Piped solids supply,,
Ac_60,60,,,,HEATING,,
Ac_60_30,60,30,,,Rail and paving heating,,
Ac_60_40,60,40,,,Space heating and cooling,,
Ac_60_60,60,60,,,Refrigeration,,
Ac_60_80,60,80,,,Drying,,
Ac_65,65,,,,VENTILATION AND AIR CONDITIONING ACTIVITIES,,
Ac_65_40,65,40,,,Ventilation,,
Ac_65_80,65,80,,,Air conditioning,,
Ac_70,70,,,,ELECTRICAL ACTIVITIES,,
Ac_70_10,70,10,,,Electrical power generation,,
Ac_70_20,70,20,,,Kinetic power generation,,
Ac_70_30,70,30,,,Electricity distribution and transmission,,
Ac_70_80,70,80,,,Lighting,,
Ac_75,75,,,,COMMUNICATIONS,,
Ac_75_10,75,10,,,Communication,,
Ac_75_30,75,30,,,Signalling,,
Ac_75_40,75,40,,,Security,,
Ac_75_50,75,50,,,Safety and protection,,
Ac_75_60,75,60,,,Environmental safety,,
Ac_75_70,75,70,,,Control and management,,
Ac_75_80,75,80,,,Protection,,
Ac_80,80,,,,TRANSPORT ACTIVITIES,,
Ac_80_00,80,00,,,Accommodation works,,
Ac_80_05,80,05,,,Aerospace ground activities,,
Ac_80_05_02,80,05,02,,Aeroplane landing,,
Ac_80_05_03,80,05,03,,Aeroplane take-off,,
Ac_80_05_05,80,05,05,,Aircraft manoeuvring,,
Ac_80_05_06,80,05,06,,Aircraft manoeuvring buffering,,
Ac_80_05_07,80,05,07,,Aircraft standing,,
Ac_80_05_08,80,05,08,,Aircraft storing,,
Ac_80_05_09,80,05,09,,Airport controlling,,
Ac_80_05_33,80,05,33,,Glider landing,,
Ac_80_05_34,80,05,34,,Glider take-off,,
Ac_80_05_36,80,05,36,,Hang gliding landing,,
Ac_80_05_37,80,05,37,,Hang gliding take-off,,
Ac_80_05_38,80,05,38,,Helicopter landing,,
Ac_80_05_39,80,05,39,,Helicopter take-off,,
Ac_80_05_82,80,05,82,,Spacecraft landing,,
Ac_80_05_83,80,05,83,,Spacecraft storing,,
Ac_80_05_84,80,05,84,,Spacecraft take-off,,
Ac_80_10,80,10,,,Loading and embarkation activities,,
Ac_80_10_04,80,10,04,,Aircraft fuelling,,
Ac_80_10_06,80,10,06,,Baggage claiming,,
Ac_80_10_07,80,10,07,,Baggage handling,,
Ac_80_10_08,80,10,08,,Baggage loading,,
Ac_80_10_12,80,10,12,,Cargo handling,,
Ac_80_10_13,80,10,13,,Cargo loading,,
Ac_80_10_20,80,10,20,,Customs controlling,,
Ac_80_10_60,80,10,60,,Passenger arriving,,
Ac_80_10_61,80,10,61,,Passenger departing,,
Ac_80_10_62,80,10,62,,Passenger disembarking,,
Ac_80_10_63,80,10,63,,Passenger embarking,,
Ac_80_10_64,80,10,64,,Passenger gathering,,
Ac_80_10_65,80,10,65,,Passport controlling,,
Ac_80_10_86,80,10,86,,Ticketing,,
Ac_80_15,80,15,,,Aerospace maintenance activities,,
Ac_80_15_01,80,15,01,,Aircraft cleaning,,
Ac_80_15_02,80,15,02,,Aircraft maintaining,,
Ac_80_15_04,80,15,04,,Aircraft repairing,,
Ac_80_15_79,80,15,79,,Spacecraft cleaning,,
Ac_80_15_80,80,15,80,,Spacecraft maintaining,,
Ac_80_15_81,80,15,81,,Spacecraft preparing,,
Ac_80_15_82,80,15,82,,Spacecraft repairing,,
Ac_80_20,80,20,,,Cable way activities,,
Ac_80_20_13,80,20,13,,Cableway travelling,,
Ac_80_30,80,30,,,Cable transport storage and maintenance activities,,
Ac_80_30_34,80,30,34,,Gondola repair and cleaning,,
Ac_80_30_35,80,30,35,,Gondola storing,,
Ac_80_35,80,35,,,Highway activities,,
Ac_80_35_08,80,35,08,,Bus manoeuvring,,
Ac_80_35_11,80,35,11,,Car manoeuvring - indoor,,
Ac_80_35_12,80,35,12,,Car manoeuvring - outdoor,,
Ac_80_35_16,80,35,16,,Carriageway separating,,
Ac_80_35_24,80,35,24,,Driving,,
Ac_80_35_46,80,35,46,,Laying-by and passing,,
Ac_80_35_63,80,35,63,,Pedestrian crossing,,
Ac_80_35_64,80,35,64,,Pedestrian standing,,
Ac_80_35_70,80,35,70,,Railway crossing,,
Ac_80_35_73,80,35,73,,Road buffering,,
Ac_80_35_90,80,35,90,,Truck manoeuvring,,
Ac_80_45,80,45,,,Highway storage and maintenance activities,,
Ac_80_45_09,80,45,09,,Bus standing,,
Ac_80_45_13,80,45,13,,Car parking - indoor,,
Ac_80_45_14,80,45,14,,Car parking - outdoor,,
Ac_80_45_91,80,45,91,,Truck standing,,
Ac_80_45_94,80,45,94,,Vehicle fuelling and charging,,
Ac_80_45_95,80,45,95,,Vehicle inspection,,
Ac_80_45_96,80,45,96,,Vehicle servicing,,
Ac_80_50,80,50,,,Railway activities,,
Ac_80_50_50,80,50,50,,Marshalling,,
Ac_80_50_70,80,50,70,,Rail over passing,,
Ac_80_50_71,80,50,71,,Rail signal controlling,,
Ac_80_50_73,80,50,73,,Railway track buffering,,
Ac_80_50_75,80,50,75,,Railway travel,,
Ac_80_50_76,80,50,76,,Rail under passing,,
Ac_80_50_90,80,50,90,,Train stopping,,
Ac_80_60,80,60,,,Rail storage and maintenance activities,,
Ac_80_60_11,80,60,11,,Carriage cleaning,,
Ac_80_60_26,80,60,26,,Engine fuelling,,
Ac_80_60_27,80,60,27,,Engine inspecting,,
Ac_80_60_28,80,60,28,,Engine servicing,,
Ac_80_60_29,80,60,29,,Engine washing,,
Ac_80_60_70,80,60,70,,Rail repairing,,
Ac_80_70,80,70,,,Marine way and waterway activities,,
Ac_80_70_11,80,70,11,,Canal level changing,,
Ac_80_70_12,80,70,12,,Canal travelling,,
Ac_80_70_37,80,70,37,,Harbour level changing,,
Ac_80_70_38,80,70,38,,Harbour protecting,,
Ac_80_70_79,80,70,79,,Vessel launching,,
Ac_80_85,80,85,,,Marine and water storage and maintenance activities,,
Ac_80_85_08,80,85,08,,Boat repairing,,
Ac_80_85_09,80,85,09,,Boat storing,,
Ac_80_85_24,80,85,24,,Dry repair docking,,
Ac_80_85_30,80,85,30,,Floating repair docking,,
Ac_80_85_97,80,85,97,,Wet repair docking,,
Ac_85,85,,,,OPERATION AND MAINTENANCE,,
Ac_85_10,85,10,,,Barrier and fence maintenance activities,,
Ac_85_10_06,85,10,06,,Barrier maintenance,25-25-60/190 Barrier maintenance system;,"8.4.4 Barriers and guardrails (default); 2.7.2 Balustrades and handrails; 2.5.5 Subsidiary walls, balustrades and proprietary balconies;"
Ac_85_10_30,85,10,30,,Fencing maintenance,25-20-30/190 Fencing maintenance system;,8.4.1 Fencing and railings (default); 8.4.4 Barriers and guardrails;
Ac_85_10_45,85,10,45,,Kerbs and channels maintenance,20-85-45/190 Maintenance system for kerbs and channels;,"8.6.1 Surface water and foul water drainage; 2.2.3 Drainage to balconies; 8.2.1 Roads, paths and pavings (default); 2.3.4 Roof drainage; 8.5.1 Site/street furniture and equipment;"
Ac_85_10_95,85,10,95,,Vehicle restraint maintenance,25-20-85/190 Vehicle restraint system maintenance;,8.4.1 Fencing and railings; 8.4.4 Barriers and guardrails (default);
Ac_85_30,85,30,,,Flora maintenance activities,,
Ac_85_30_01,85,30,01,,Amenity grass maintenance,40-35-35/190 Amenity grass maintenance system;,8.3.1 Seeding and turfing (default);
Ac_85_30_02,85,30,02,,Amenity planting maintenance,40-35-00/190 Amenity planting maintenance system;,8.3.2 External planting (default);
Ac_85_30_04,85,30,04,,Aquatic and wetland planting maintenance,40-30-00/190 Aquatic and wetland planting maintenance system;,8.3.2 External planting (default);
Ac_85_30_28,85,30,28,,External container planting maintenance,40-40-25/190 Container planting maintenance system;,8.3.3 Irrigation systems; 8.3.2 External planting (default);
Ac_85_30_30,85,30,30,,Forestry maintenance,40-35-30/191 Forestry maintenance system;,8.3.2 External planting (default);
Ac_85_30_37,85,30,37,,Hedgerow maintenance,40-35-30/190 Hedgerow maintenance system;,8.3.2 External planting (default);
Ac_85_30_40,85,30,40,,Internal container planting maintenance,40-40-40/190 Container planting maintenance system;,4.1.7 Internal planting (default);
Ac_85_30_47,85,30,47,,Living roof maintenance,40-40-45/190 Living roof maintenance system;,2.3.2 Roof coverings (default);
Ac_85_30_50,85,30,50,,Meadow grass maintenance,40-35-35/195 Meadow grass maintenance system;,8.3.1 Seeding and turfing (default);
Ac_85_30_80,85,30,80,,Sports turf maintenance,40-35-35/197 Sports turf maintenance system;,8.3.1 Seeding and turfing (default);
Ac_85_30_95,85,30,95,,Vegetation control maintenance,35-70-41/190 Vegetation control maintenance system;,0.1.3 Eradication of plant growth; 4.1.7 Internal planting; 8.3.2 External planting (default);
Ac_85_50,85,50,,,Marine maintenance activities,,
Ac_85_50_24,85,50,24,,Dredging,,
Ac_85_60,85,60,,,Paving maintenance activities,,
Ac_85_60_02,85,60,02,,Asphalt paving maintenance,20-15-05/190 Asphalt paving maintenance system;,"2.4.2 Stair/ramp finishes; 3.2.1 Finishes to floors; 2.3.2 Roof coverings; 8.2.1 Roads, paths and pavings (default);"
Ac_85_60_04,85,60,04,,Asphalt sports paving maintenance,20-15-05/195 Asphalt sports paving maintenance system;,2.4.2 Stair/ramp finishes; 8.2.2 Special surfacings and pavings (default); 3.2.1 Finishes to floors; 2.3.2 Roof coverings;
Ac_85_60_10,85,60,10,,Bound aggregate paving maintenance,20-15-35/190 Bound aggregate paving maintenance system;,7.6.2 Concrete repairs; 2.4.2 Stair/ramp finishes; 8.2.2 Special surfacings and pavings (default); 3.2.1 Finishes to floors; 2.3.2 Roof coverings;
Ac_85_60_50,85,60,50,,Mat and sheet paving maintenance,20-15-50/190 Mat and sheet paving maintenance system;,2.4.2 Stair/ramp finishes; 8.2.2 Special surfacings and pavings (default); 3.2.1 Finishes to floors; 2.3.2 Roof coverings;
Ac_85_60_80,85,60,80,,Sport or play paving maintenance,20-15-35/195 Sport or play paving maintenance system;,2.4.2 Stair/ramp finishes; 8.2.2 Special surfacings and pavings (default); 3.2.1 Finishes to floors; 2.3.2 Roof coverings;
Ac_85_60_82,85,60,82,,Sports or play unbound paving maintenance,20-15-85/195 Sports or play unbound paving maintenance system;,8.2.2 Special surfacings and pavings (default);
Ac_85_60_92,85,60,92,,Unbound paving maintenance,20-15-85/190 Unbound paving maintenance system;,"8.2.1 Roads, paths and pavings (default);"
Ac_85_60_93,85,60,93,,Unit paving maintenance,20-15-90/190 Unit paving maintenance system;,"2.4.2 Stair/ramp finishes; 2.3.2 Roof coverings; 8.2.1 Roads, paths and pavings (default);"
Ac_85_65,85,65,,,Plant and controls operating,,
Ac_85_65_08,85,65,08,,Boiler operating,,
Ac_85_65_15,85,65,15,,Controlling,,
Ac_85_65_26,85,65,26,,Electrical switching,,
Ac_85_65_27,85,65,27,,Equipment operating,,
Ac_85_65_32,85,65,32,,Furnace operating,,
Ac_85_65_42,85,65,42,,Incinerating,,
Ac_85_65_48,85,65,48,,Lift machine operating,,
Ac_85_65_64,85,65,64,,Plant operating,,
Ac_85_65_77,85,65,77,,Server operating,,
Ac_85_65_90,85,65,90,,Transformer operating,,
Ac_85_70,85,70,,,Retrospective application activities,,
Ac_85_70_40,85,70,40,,Insulation and waterproofing for retrofitted living roofs,40-40-45/105 Insulation and waterproofing system for retrofitted living roofs;,2.3.2 Roof coverings (default);
Ac_85_70_70,85,70,70,,Retrospective application of fire retardant treatment,35-85-95/170 Retrospective application of fire retardant treatment;,2.3.2 Roof coverings; 2.1.5 Timber frames (default); 2.5.1 External enclosing walls above ground level; 8.4.1 Fencing and railings; 2.6.1 External windows; 2.3.1 Roof structure; 2.6.2 External doors;
Ac_85_70_75,85,70,75,,Retrospective application of preservative treatment,35-85-95/130 Retrospective application of preservative treatment;,2.3.2 Roof coverings; 2.1.5 Timber frames; 2.5.1 External enclosing walls above ground level; 8.4.1 Fencing and railings (default); 2.6.1 External windows; 2.3.1 Roof structure; 2.6.2 External doors;
Ac_90,90,,,,CIRCULATION AND PLANT ACTIVITIES,,
Ac_90_10,90,10,,,Circulation activities,,
Ac_90_10_02,90,10,02,,Air blocking,,
Ac_90_10_04,90,10,04,,Ascending and descending pausing,,
Ac_90_10_14,90,10,14,,Circulating between rooms,,
Ac_90_10_16,90,10,16,,Covered walking,,
Ac_90_10_24,90,10,24,,Dropping-off and collecting,,
Ac_90_10_27,90,10,27,,Entering and exiting,,
Ac_90_10_30,90,10,30,,Fire stepped ascending and descending,,
Ac_90_10_34,90,10,34,,Goods conveying,,
Ac_90_10_49,90,10,49,,Lift stopping and calling,,
Ac_90_10_50,90,10,50,,Lift travelling,,
Ac_90_10_51,90,10,51,,Mechanical pitched or stepped ascending and descending,,
Ac_90_10_62,90,10,62,,Pitched ascending and descending,,
Ac_90_10_77,90,10,77,,Sheltering,,
Ac_90_10_84,90,10,84,,Stepped ascending and descending,,
Ac_90_10_93,90,10,93,,Uncovered walking,,
Ac_90_10_96,90,10,96,,Wheelchair travelling,,
Ac_90_20,90,20,,,Common activities,,
Ac_90_20_02,90,20,02,,Amphitheatre seating,,
Ac_90_20_03,90,20,03,,Artiste changing and make-up,,
Ac_90_20_04,90,20,04,,Audience breaking out,,
Ac_90_20_05,90,20,05,,Audience seating,,
Ac_90_20_15,90,20,15,,Changing,,
Ac_90_20_69,90,20,69,,Queuing,,
Ac_90_20_82,90,20,82,,Spectator seating,,
Ac_90_20_83,90,20,83,,Spectator standing,,
Ac_90_20_89,90,20,89,,Temporary seating,,
Ac_90_20_96,90,20,96,,Waiting,,
Ac_90_50,90,50,,,Storing activities,,
Ac_90_50_04,90,50,04,,Arms storing,,
Ac_90_50_06,90,50,06,,Baggage storing,,
Ac_90_50_07,90,50,07,,Beer storing,,
Ac_90_50_09,90,50,09,,Blood storing,,
Ac_90_50_11,90,50,11,,Cargo storing,,
Ac_90_50_13,90,50,13,,Chemicals storing,,
Ac_90_50_14,90,50,14,,Clothes storing,,
Ac_90_50_15,90,50,15,,Cold storing,,
Ac_90_50_27,90,50,27,,Evidence storing,,
Ac_90_50_28,90,50,28,,Explosives storing,,
Ac_90_50_29,90,50,29,,Feed storing,,
Ac_90_50_30,90,50,30,,Flammable chemical storing,,
Ac_90_50_31,90,50,31,,Dry waste storing,,
Ac_90_50_32,90,50,32,,Fuel storing,,
Ac_90_50_33,90,50,33,,Gas storing,,
Ac_90_50_34,90,50,34,,General storing,,
Ac_90_50_35,90,50,35,,Goods storing,,
Ac_90_50_36,90,50,36,,Grain storing,,
Ac_90_50_37,90,50,37,,Hazardous waste storing,,
Ac_90_50_47,90,50,47,,Left luggage storing,,
Ac_90_50_52,90,50,52,,Medical records storing,,
Ac_90_50_53,90,50,53,,Mineral storing,,
Ac_90_50_58,90,50,58,,Oil storing,,
Ac_90_50_59,90,50,59,,Outdoor storing,,
Ac_90_50_65,90,50,65,,Pharmacy storing,,
Ac_90_50_70,90,50,70,,Raw materials storing,,
Ac_90_50_75,90,50,75,,Scientific equipment storing,,
Ac_90_50_77,90,50,77,,Secure storing,,
Ac_90_50_80,90,50,80,,Solid fuel storing,,
Ac_90_50_84,90,50,84,,Storage of human remains,,
Ac_90_50_91,90,50,91,,Vehicle storing,,
Ac_90_50_92,90,50,92,,Walk-in clothes storing,,
Ac_90_50_93,90,50,93,,Waste gas storing,,
Ac_90_50_94,90,50,94,,Waste liquids storing,,
Ac_90_50_95,90,50,95,,Waste solids storing,,
Ac_90_50_96,90,50,96,,Water storing,,
Ac_90_50_97,90,50,97,,Wet waste storing,,
Ac_90_50_98,90,50,98,,Wine storing,,
Ac_95,95,,,,TEMPORARY ACTIVITIES,,
